doi,pmid
10.1186/s13321-021-00515-1,33980298
10.1186/s13321-019-0367-2,31254167
10.1093/bioinformatics/bts577,23023984
10.1177/0300985810374845,20587689
10.1093/nar/gkw343,27137889
10.12688/f1000research.15119.1,30271575
10.1093/protein/11.10.855,9862203
10.1186/gb-2007-8-7-r129,17615057
10.1007/s00335-015-9596-5,26296321
10.1038/ng1536,15806104
10.1093/bioinformatics/btw656,28172591
10.1038/nmeth.3621,26513550
10.1186/s13059-018-1491-4,30115101
10.1186/S13321-019-0401-4,33430984
10.12688/F1000RESEARCH.24435.1,33299548
10.12688/F1000RESEARCH.26771.1,33500778
10.1093/nar/gkv1178,26582914
10.1093/nar/gkaa1080,33270898
10.1093/nar/gkx1109,29155946
10.1038/s41586-020-2888-2,33149304
10.1038/s41592-018-0302-x,30664776
10.1038/nmeth.4499,29190272
10.1093/bioinformatics/bty224,29635359
10.3835/plantgenome2015.06.0038,27898761
10.1038/hortres.2016.56,27917288
10.1093/nar/gkaa530,32558887
10.1093/nar/gkz437,31147699
10.1186/s13321-016-0115-9,26834843
10.1093/nargab/lqaa003,32002517
10.1093/bioinformatics/bty639,30052762
10.1093/bioinformatics/btz437,31141126
10.1093/nar/gkv1024,26481357
10.1371/journal.pone.0006447,19649250
10.1093/nar/gku975,25313161
10.1093/nar/gky1001,30357405
10.1093/nar/gkq431,20501601
10.1093/bioinformatics/bty474,29931276
10.1093/bioinformatics/bty463,29878047
10.1093/bioinformatics/bty667,30052776
10.1093/bioinformatics/btx462,29036591
10.1093/bioinformatics/btz432,31135038
10.1093/bioinformatics/bty067,29420675
10.1093/bioinformatics/btx561,28968746
10.1093/bioinformatics/bty522,29947803
10.1093/bioinformatics/btz358,31077296
10.1093/bioinformatics/btz250,30977807
10.1093/bioinformatics/bty1028,30590437
10.1093/bioinformatics/bty827,30247625
10.1093/bioinformatics/bty116,29490010
10.1093/bioinformatics/btx629,29444233
10.1093/bioinformatics/btx566,28968713
10.1186/s13059-016-0974-4,27268795
10.1371/journal.pcbi.1005898,29244826
10.1093/bioinformatics/bty692,30124779
10.1093/nar/gkx333,28472372
10.1093/nar/gkaa235,32297936
10.1093/nar/gkr043,21427088
10.1105/tpc.107.057190,18319396
10.1093/bioinformatics/btu355,24860159
10.1111/pbi.12281,25382230
10.1093/bioinformatics/btv069,25649618
10.1093/nar/gkx390,28498993
10.1002/prot.10175,12211035
10.1016/j.ymeth.2016.12.002,27939506
10.1093/bioinformatics/btx565,28968636
10.1093/nar/gks1055,23143270
10.1093/bioinformatics/btr304,21593132
10.1093/bioinformatics/btg111,12724303
10.1186/1471-2105-10-S6-S3,19534752
10.1186/s12859-018-2067-8,29745837
10.1186/s12859-018-2220-4,29914348
10.1093/bioinformatics/btw816,28453680
10.1093/nar/gky464,29878235
10.1093/nar/gky441,29912458
10.1186/1756-0500-3-185,20609249
10.1186/s12864-016-3288-8,27863463
10.1093/nar/gkg519,12824398
10.1186/1471-2164-9-75,18261238
10.1093/bioinformatics/btt604,24174566
10.1093/nar/gkt1146,24259429
10.1093/nar/gkr1175,22135294
10.1093/bioinformatics/btx431,29036616
10.1093/nar/gku432,24838570
10.1186/s12859-014-0427-6,25547242
10.1186/1471-2105-6-52,15762993
10.1093/nar/gkt328,23640334
10.1007/s10822-008-9255-y,19082743
10.1093/nar/gkr1097,22140103
10.1007/s13361-011-0265-y,22069037
10.1093/nar/gkg545,12824381
10.1016/S0168-9525(00)02024-2,10827456
10.1038/ng0704-664,15226743
10.1093/nar/gkv1352,26673705
10.3897/BDJ.3.e5848,26491393
10.1093/bioinformatics/btw558,27638400
10.1016/0022-2836(70)90057-4,5420325
10.1093/nar/gkv1176,26531826
10.1186/1471-2105-11-474,20860790
10.1089/cmb.2009.0196,21210730
10.1186/gb-2003-4-4-r28,12702209
10.1093/nar/gkq1008,21051359
10.3389/fpls.2011.00054,22629264
10.1093/database/bas018,22491796
10.1186/1751-0473-8-17,23987304
10.1093/bioinformatics/bts251,22543366
10.1093/nar/gkv350,25897122
10.1186/1748-7188-4-3,19183438
10.1371/journal.pone.0051629,23505408
10.1093/bioinformatics/btl488,17021160
10.1093/bioinformatics/btm148,17459960
10.1007/s11306-010-0198-7,20526350
10.1186/1751-0473-6-8,21529350
10.1016/s0168-9525(00)02024-2,10827456
10.1093/bioinformatics/13.4.477,9283765
10.1186/2041-1480-2-S1-S5,21388574
10.1093/bioinformatics/btr400,21727140
10.1093/nar/28.1.267,10592243
10.1093/nar/gkm160,17452365
10.1016/j.sbi.2010.03.008,20403684
10.1093/nar/gkr367,21593126
10.1006/jmbi.1994.1104,8107089
10.1186/1471-2105-9-474,19014431
10.1093/nar/gkj106,16381858
10.1093/bioinformatics/bti325,15713731
10.1186/s13063-016-1290-8,27056367
10.1093/nar/gkt1127,24243844
10.1038/sdata.2018.23,29485625
10.1093/database/bav028,25877637
10.1093/nar/gkw943,27924018
10.1093/bioinformatics/btq538,20861032
10.1093/bioinformatics/btw214,27153650
10.1371/journal.pone.0020284,21695124
10.1093/nar/gkz1021,31680165
10.1186/s13040-021-00233-2,33472672
10.1093/nar/gkaa895,33084889
10.1016/j.tips.2019.09.002,31677919
10.1021/jm400378w,23941661
10.1093/nar/gkv1082,26496949
10.1186/s13073-018-0531-8,29592813
10.1186/1471-2105-15-214,24958009
10.1093/database/baw033,27087305
10.1093/nar/gkaa434,32479607
10.1093/nar/gkw1132,27899672
10.1093/nar/gkv1116,26538599
10.12688/f1000research.12974.1,29333231
10.1093/gigascience/gix022,28402416
10.1093/nar/gkx1108,29149270
10.1093/nar/gkv966,26420834
10.1101/gr.108175.110,20647237
10.1016/j.cub.2005.12.044,16488868
10.1093/nar/gkz955,31680137
10.1093/bioinformatics/btz469,31233103
10.1038/ng.3312,26111507
10.1093/bioinformatics/btx168,28379332
10.1002/humu.22078,22422702
10.1006/jmbi.2000.4042,10964570
10.1016/j.drudis.2012.05.016,22683805
10.1186/1471-2105-8-298,17688688
10.1093/bioinformatics/btz190,30903186
10.1186/1471-2105-11-5,20047655
10.1038/nsb1203-980,14634627
10.1093/nar/28.1.235,10592235
10.2390/biecoll-jib-2010-147,20980714
10.1038/nmeth.4077,27898060
10.1093/nar/25.17.3389,9254694
10.1016/S0022-2836(05)80360-2,2231712
10.1186/1471-2105-11-29,20074352
10.1093/bioinformatics/bts660,23162084
10.1093/bioinformatics/btx804,29253085
10.1021/pr501286b,25732134
10.1093/nar/gkx237,28383659
10.1093/bioinformatics/btv107,25697819
10.1074/mcp.O113.036335,24741113
10.1093/bib/bbn013,18372315
10.1093/bioinformatics/btm404,17846036
10.1073/pnas.85.8.2444,3162770
10.5114/wo.2014.47136,25691825
10.1093/nar/gki491,15980463
10.1093/nar/gku955,25313160
10.1093/nar/gkx1038,29112718
10.1093/nar/gku1063,25392425
10.1186/1471-2105-7-97,16507094
10.1093/nar/gkn252,18467421
10.1093/nar/gkq331,20460452
10.1016/j.jsb.2011.05.008,21605683
10.1021/acs.jmedchem.5b01813,26908025
10.1186/s13742-016-0126-5,27195106
10.1093/nar/gkw211,27084938
10.1093/nar/gkr1046,22102587
10.1093/bioinformatics/btu165,24681905
10.1093/bioinformatics/bts240,22539666
10.1186/2046-1682-5-7,22559010
10.1093/nar/gky472,29905873
10.1186/1471-2105-11-S12-S12,21210979
10.1093/bioinformatics/bty021,29340616
10.1093/bioinformatics/bts139,22437851
10.1186/1471-2105-11-S12-S2,21210981
10.1093/nar/gkt1063,24194605
10.1093/database/bau033,24715220
10.1093/nar/gks575,22693220
10.1073/pnas.0409137102,16000407
10.1007/978-1-62703-646-7_10,24170401
10.1038/ncomms3741,24225580
10.1093/nar/gku270,24728994
10.1093/bioinformatics/btk041,16403789
10.1093/nar/gkr437,21672959
10.1186/s13321-016-0170-2,27795739
10.1261/rna.5248604,15383676
10.1089/106652702761034172,12487762
10.1093/bib/bbp065,20150321
10.1186/1471-2105-14-16,23324024
10.1093/nar/gkh086,14681454
10.1038/msb.2008.55,18766178
10.3389/fninf.2014.00040,24808858
10.1093/nar/gkt1166,24270788
10.1038/nmeth.3258,25633501
10.1093/nar/gku465,24875477
10.1093/bioinformatics/btt484,23958731
10.1093/bioinformatics/btu031,24451626
10.1016/j.jmb.2004.03.016,15111065
10.1093/nar/gkn1006,19103665
10.1016/0022-2836(81)90087-5,7265238
10.1074/mcp.M100004-MCP200,12096132
10.1093/nar/gkq1039,21071392
10.1093/nar/gkq394,20484378
10.1093/bioinformatics/14.4.380,9632837
10.1016/0022-2836(87)90478-5,2448477
10.1186/s13059-016-0953-9,27154141
10.1093/bioinformatics/btt439,24013925
10.1093/nar/gkq315,20439313
10.1093/bioinformatics/btq321,20562414
10.1038/nature05453,17151600
10.1093/bioinformatics/btt658,24234005
10.1093/emboj/21.6.1248,11889031
10.1093/bioinformatics/btr191,21493660
10.1093/bioinformatics/bty489,29931246
10.1016/j.cels.2016.07.002,27467249
10.1093/bioinformatics/btx162,28379339
10.1007/978-1-4939-7493-1_17,29344898
10.3389/fnins.2011.00008,21293737
10.1109/TBME.2011.2164794,21846603
10.1016/j.csbj.2015.03.009,26925206
10.5334/dsj-2019-059,31579260
10.1093/nar/gkab377,34019656
10.1093/nar/gkx352,28472475
10.1093/nar/gkn260,18477633
10.1093/nar/gkw381,27150812
10.3390/genes8100278,29057824
10.1107/S2059798318000050,29372899
10.1107/S2059798320009389,32876056
10.1093/nar/gkaa383,32406923
10.1371/journal.pcbi.1003440,24453961
10.1093/nar/gky358,29762722
10.1093/nar/gkaa372,32392342
10.1093/nar/gky417,29796670
10.1093/nar/gkz378,31114897
10.1371/journal.pcbi.1004962,27224906
10.1093/gbe/evv121,26133389
10.1093/nar/gks1219,23193283
10.1093/nar/gkt1209,24293649
10.1093/nar/gkm864,17947321
10.1093/bioinformatics/bts252,22556368
10.1016/j.jbiotec.2017.06.1198,28648396
10.1089/cmb.2012.0021,22506599
10.1093/bioinformatics/btp536,19744993
10.1038/nmeth.2242,23132114
10.1186/1758-2946-3-33,21982300
10.1093/nar/gks572,22693211
10.1093/bioinformatics/btm557,18006544
10.1038/nmeth.2890,24681721
10.1093/nar/gkh340,15034147
10.1093/bioinformatics/btq033,20110278
10.1038/ng.806,21478889
10.1016/j.ymeth.2015.04.030,25937393
10.1006/geno.1997.4995,9403055
10.1038/nbt.2839,24727771
10.1586/14789450.3.1.1,16445344
10.1074/mcp.D500002-MCP200,15937296
10.1186/gb-2006-7-s1-s10,16925832
10.1371/journal.pone.0055814,23613707
10.1038/nmeth.4462,28960183
10.1038/nature06387,18075582
10.1093/nar/29.1.308,11125122
10.1007/s10858-015-9924-9,25801209
10.1093/sysbio/syq010,20525638
10.1080/10635150390235520,14530136
10.1093/bioinformatics/bti713,16234323
10.1080/10635150600755453,16785212
10.1093/nar/gki352,15980534
10.1093/nar/gkn180,18424797
10.1186/1471-2148-10-8,20067610
10.1093/nar/gkp215,19339519
10.1093/nar/gky357,29746661
10.1093/bioinformatics/btu743,25414360
10.1093/nar/gkv468,25969447
10.1002/0471250953.bi0313s48,25501942
10.1093/bioinformatics/bth456,15297299
10.1101/gr.10.4.547,10779496
10.1093/bioinformatics/btp017,19168913
10.1186/1471-2105-8-155,17504537
10.1093/nar/gki375,15980478
10.1093/nar/gky320,29718411
10.1016/j.jmb.2020.166729,33972021
10.1093/bioinformatics/btv291,25957347
10.1093/bioinformatics/btw192,27153629
10.1093/bioinformatics/btx044,28130235
10.1093/bioinformatics/btx818,29280997
10.1093/bioinformatics/btv367,26079349
10.1093/bioinformatics/btz512,31218353
10.1093/bioinformatics/btt089,23428638
10.1093/bioinformatics/btu411,24974200
10.1093/bioinformatics/btr387,21715467
10.1186/1471-2105-14-S1-S10,23368835
10.1093/bioinformatics/bts728,23297037
10.1093/bioinformatics/btr549,21967762
10.1186/1748-7188-4-13,19849839
10.1002/humu.22102,22505138
10.1186/s12859-020-03792-z,33546584
10.1093/nar/gkw384,27151196
10.1186/gb-2013-14-12-r134,24330842
10.1111/tpj.13457,27995664
10.1101/2020.11.04.369041,33173863
10.1038/nmeth.4331,28604722
10.1101/2020.12.24.424262,33398286
10.1101/2020.12.03.409409,33300000
10.1093/nar/gku410,24861617
10.1186/S13321-019-0403-2,33430953
10.1101/2020.05.10.20096073,32511484
10.1089/crispr.2020.0059,33275853
10.1093/nar/gkaa437,32479601
10.1186/S13321-020-0412-1,33431001
10.1101/2020.09.23.310565,32995794
10.1101/2020.09.09.196220,32935101
10.1093/database/bat058,23959375
10.1007/978-1-4939-6658-5_5,27987166
10.1186/S13321-020-00442-7,33431029
10.1016/j.neuroimage.2020.117402,32979520
10.1186/S13321-019-0400-5,33431008
10.1016/j.jmb.2020.08.014,32841657
10.1093/nar/gku1040,25361970
10.1038/s41436-020-00972-3,33046849
10.1093/bioinformatics/btaa709,32777814
10.1093/bioinformatics/btaa1076,33367514
10.1093/nar/gkaa215,32255179
10.1093/bioinformatics/17.10.957,11673241
10.1080/15592294.2020.1834921,33100132
10.1101/2020.11.05.20224865,33173897
10.1016/j.mam.2020.100894,32893032
10.1186/S13321-019-0394-Z,33430982
10.12688/WELLCOMEOPENRES.15495.1,31886410
10.1186/S13321-019-0399-7,33430999
10.1093/gigascience/giaa065,32530465
10.1093/nar/gks808,22933715
10.1093/nar/gks363,22553366
10.1093/nar/gky309,29718451
10.1093/bioinformatics/bty040,29385404
10.1002/jms.3123,23494783
10.1093/bioinformatics/btw170,27153608
10.1073/pnas.1815601116,31127050
10.1093/bioinformatics/btp352,19505943
10.1371/journal.pone.0145564,26694538
10.1371/journal.pone.0038967,22745694
10.1093/bioinformatics/btz509,31233141
10.1186/s13007-018-0345-0,30186360
10.1093/jamia/ocw010,27107447
10.1016/j.ijmedinf.2018.09.015,30342679
10.1093/molbev/msv150,26130081
10.1089/106652702761034136,12487758
10.1093/nar/gkx1003,29087490
10.1093/nar/gku1112,25378326
10.1093/nar/gks1156,23193262
10.1093/bioinformatics/btq079,20185404
10.1093/pcp/pcu177,25432975
10.1093/molbev/msx149,28472384
10.1080/07391102.2018.1546230,30585105
10.1093/nar/gkz303,31028399
10.3390/metabo9100237,31635085
10.1186/s12859-019-3167-9,31718533
10.1016/j.neo.2017.05.002,28732212
10.1093/nar/gky992,30371894
10.1016/j.jmb.2016.11.032,27939290
10.3390/ijms17081215,27472327
10.1038/s41598-017-08321-2,28808256
10.1093/bioinformatics/btz580,31359029
10.1186/1746-1448-6-12,21192823
10.1093/bib/bby127,30649171
10.1038/s41588-019-0370-6,30886426
10.1093/database/baz058,31210271
10.1093/nar/gkv1204,26578584
10.1093/bioinformatics/btw675,28003258
10.1093/bioinformatics/btw590,27605104
10.1186/s12859-018-2420-y,30497367
10.1093/bioinformatics/btw095,27153680
10.1186/1471-2105-9-S2-S7,18387209
10.1186/s12859-018-2423-8,30497362
10.1038/nmeth.1422,20195257
10.1038/s41436-018-0050-4,29895857
10.1093/protein/10.6.673,9278280
10.1093/bioinformatics/btw047,26803162
10.1093/bioinformatics/btw666,27794557
10.1093/bioinformatics/bty681,30101321
10.1371/journal.pone.0081148,24324667
10.1093/bioinformatics/btw369,27318204
10.1093/bioinformatics/btw173,27153610
10.1093/bioinformatics/btv479,26330601
10.1093/bioinformatics/btz622,31393550
10.1093/bioinformatics/btz624,31392309
10.1038/nbt.4317,30480667
10.1093/bioinformatics/btm066,17332022
10.1093/bioinformatics/btr702,22199390
10.1186/s12864-017-3911-3,28812536
10.1186/s12870-014-0412-2,25849067
10.1093/bioinformatics/btw584,27605100
10.1093/nar/gkh368,15215461
10.1016/s0022-2836(05)80360-2,2231712
10.1093/bioinformatics/bty304,29669011
10.1038/s41586-018-0686-x,30405244
10.1111/j.1742-4658.2009.07124.x,19558493
10.1110/ps.0236803,12717029
10.1093/bioinformatics/bty742,30165396
10.1093/bioinformatics/btv583,26454275
10.1007/s11103-016-0469-4,27007138
10.1186/s13015-017-0119-7,29467814
10.1093/bioinformatics/btw561,27559154
10.1093/bioinformatics/btz022,30649183
10.1093/bioinformatics/btw117,27153723
10.1093/bioinformatics/btv536,26415724
10.1093/bioinformatics/btv423,26209430
10.1093/bioinformatics/btv347,26092861
10.1093/bioinformatics/btp324,19451168
10.1002/humu.21438,21520333
10.1093/bioinformatics/btz009,30657871
10.1093/bioinformatics/btz061,30689768
10.1093/bioinformatics/bty534,29955804
10.1093/bioinformatics/btx499,28961954
10.1093/bioinformatics/bty215,29659702
10.1093/bioinformatics/bty052,29401212
10.1093/bioinformatics/bty027,29360930
10.1093/bioinformatics/btx371,28605501
10.1093/bioinformatics/btz482,31192369
10.1186/s12859-016-0944-6,26927822
10.1093/bioinformatics/btz520,31263896
10.1093/bioinformatics/btz305,31070718
10.1093/bioinformatics/btz179,30865284
10.1093/bioinformatics/bty216,29648573
10.1093/bioinformatics/btx424,29077808
10.1093/bioinformatics/btx415,28655153
10.1093/bioinformatics/btw739,28414855
10.1093/bioinformatics/btz465,31173067
10.1371/journal.pone.0079722,24260292
10.1093/bioinformatics/btz075,30715201
10.1186/s12859-018-2580-9,30612540
10.1186/s12859-018-2281-4,30021513
10.1093/bioinformatics/btr330,21653522
10.1007/978-1-62703-646-7_8,24170399
10.1093/bioinformatics/bty121,29506019
10.1093/bib/bbx108,28968734
10.1371/journal.pcbi.1005520,28594829
10.1186/gb-2013-14-4-r36,23618408
10.1093/bioinformatics/btp120,19289445
10.1186/s12859-018-2254-7,30012095
10.1186/s12859-018-2177-3,30066633
10.1093/bioinformatics/btn452,18765459
10.1093/bioinformatics/btq293,20639544
10.1155/2012/324249,22675248
10.1186/1471-2164-15-1039,25432719
10.1093/nar/gkm226,17478515
10.1093/bioinformatics/btq725,21233169
10.1186/1471-2164-13-74,22336055
10.1002/0471250953.bi1112s47,25199790
10.1186/1471-2164-11-571,20950480
10.1038/nmeth.4262,28557982
10.1093/bioinformatics/btq281,20562416
10.1038/ng2110,17721534
10.13188/2329-1583.1000002,24791251
10.1093/bioinformatics/btq379,20823314
10.1093/bioinformatics/btt324,23740746
10.1021/ct300494q,26605625
10.1093/bioinformatics/btn305,18599518
10.1093/bioinformatics/bti310,15728110
10.1093/bioinformatics/btu638,25260700
10.1038/nmeth.4260,28448069
10.1038/ismej.2013.139,23949665
10.1093/bioinformatics/btu135,24618473
10.1198/jasa.2011.ap10657,22140288
10.1371/journal.pone.0025988,21998740
10.1093/bioinformatics/btr064,21330290
10.1186/1753-6561-1-S1-S60,18466561
10.1186/s12859-016-1397-7,27998267
10.1093/bioinformatics/btq455,20798169
10.1093/nar/gkq603,20601685
10.1186/1748-7188-3-7,18577231
10.1038/nprot.2008.211,19131956
10.1086/381000,14681826
10.1007/978-1-4939-0554-6_12,24838886
10.1093/nar/gkp335,19458158
10.1093/bioinformatics/bts565,23060610
10.1038/nmeth.4330,28661499
10.1093/nar/gkg509,12824425
10.1534/genetics.112.144204,23051646
10.1038/nbt.1621,20436464
10.1093/bioinformatics/btq488,20736340
10.1038/nmeth.4423,28858339
10.1371/journal.pone.0157022,27280887
10.1101/gr.111120.110,20980556
10.1093/bioinformatics/btp394,19561018
10.1021/acs.jcim.8b00271,30036062
10.1007/s10822-012-9626-2,23269578
10.1021/acs.jcim.5b00588,26759067
10.1021/acs.jcim.5b00210,26098831
10.1093/bioinformatics/btl150,16632493
10.1002/cmdc.200700010,17436259
10.1021/ci100241y,20945875
10.1093/bioinformatics/bts310,22628523
10.1186/1758-2946-6-12,24694216
10.1186/1758-2946-1-13,20298519
10.1093/nargab/lqaa005,33575553
10.1186/1471-2105-11-378,20633259
10.1093/bioinformatics/btt054,23376349
10.1093/nargab/lqz024,33575571
10.1038/nmeth.4556,29309061
10.1093/nar/gkw199,27098042
10.1038/nmeth.4506,29190274
10.1093/bioinformatics/btm581,18056068
10.1093/nar/gkn230,18460544
10.1097/FTD.0000000000000456,29084032
10.1038/nmeth.4540,29355848
10.1111/1755-0998.12387,25684545
10.1093/bioinformatics/btg1080,14534192
10.1093/nar/gkh379,15215400
10.1093/nar/gki458,15980513
10.1093/nar/gkl200,16845043
10.1093/nar/gkt418,23700307
10.1371/journal.pone.0168397,28045932
10.1093/nar/gks560,22693209
10.1186/s12859-015-0696-8,26264783
10.1109/TCBB.2014.2351810,26357263
10.1002/prot.20842,16450362
10.1093/nar/gkp287,19417072
10.1093/bioinformatics/btw514,27503228
10.1093/bioinformatics/btv333,26026169
10.1093/pcp/pcu185,25480116
10.2390/biecoll-jib-2010-118,20375444
10.2390/biecoll-jib-2010-110,20134080
10.2390/biecoll-jib-2014-237,24953306
10.1002/prca.201700069,28975713
10.1002/pro.5560030118,7511453
10.1002/pmic.200300483,12923769
10.1002/pmic.200401244,15880814
10.1093/nar/gku1002,25348399
10.1371/journal.pone.0144578,26656740
10.1021/acs.jproteome.6b00481,27523326
10.1002/elps.11501401163,8125050
10.1093/bioinformatics/btq243,20472542
10.1371/journal.pone.0046688,23056405
10.1007/978-1-4939-3578-9_13,27008019
10.1038/nmeth.2066,22688413
10.1093/bioinformatics/btw379,27378299
10.1093/bioinformatics/btu012,24413673
10.1016/j.cub.2007.11.058,18160293
10.1371/journal.pcbi.0010067,16477324
10.1128/AEM.01394-08,18757578
10.1006/jmbi.1995.0442,7650738
10.1186/1758-907X-4-2,23688306
10.1093/nar/gkn275,18492721
10.1080/106351502753475916,11943096
10.1093/bioinformatics/btm525,18006551
10.1093/bioinformatics/bti701,16249266
10.1186/1471-2105-4-21,12783628
10.1371/journal.pone.0001623,18286180
10.1093/bioinformatics/bty007,29329372
10.1002/humu.22965,26842889
10.1038/s41393-018-0169-9,29977003
10.1016/j.jbi.2008.08.010,18929686
10.1093/nar/gkr777,21948594
10.1093/nar/gkw1074,27899562
10.1093/nar/gkv1157,26687719
10.1093/bioinformatics/btv010,25964657
10.1093/nar/gku989,25348405
10.1093/nar/gkv1118,26527717
10.1093/bioinformatics/btu773,25414364
10.1002/humu.21047,19514061
10.1093/nar/gky007,29361178
10.1093/nar/gkv1117,26527720
10.1093/bioinformatics/btt036,23357920
10.1093/bib/bbs058,23172809
10.1093/nar/gky353,29741719
10.1093/bioinformatics/btx140,28334295
10.1093/nar/gkw313,27106055
10.1021/pr0602085,16889405
10.1002/pmic.200300744,15174123
10.1093/nar/gkr366,21624888
10.1186/s12859-015-0676-z,26220682
10.1089/106652799318300,10582570
10.1021/pr900189c,19354269
10.1021/ac991363o,10857624
10.1093/database/baw070,27173522
10.1002/0471250953.bi1323s44,25663956
10.1002/0471140864.ps1605s14,18429132
10.1093/bioinformatics/btw420,27412089
10.1002/pmic.200700322,19235167
10.1093/bioinformatics/btw412,27378296
10.1021/pr200664h,21967198
10.1186/s13321-017-0197-z,28286574
10.1021/acs.analchem.5b00941,25929282
10.1038/srep45477,28358118
10.1093/nar/gkv384,25897133
10.1186/1752-0509-7-64,23875761
10.1002/pro.5560040318,7795533
10.1093/bioinformatics/15.6.446,10383470
10.1093/nar/gky418,29771380
10.1371/journal.pone.0133492,26197475
10.1371/journal.pone.0062224,23667459
10.1038/nmeth.1974,22543379
10.1371/journal.pcbi.1006042,29554099
10.1093/bioinformatics/btx210,28407097
10.1093/nar/gkv561,26013810
10.1101/gr.169508.113,24515121
10.1093/bioinformatics/bti219,15598831
10.1093/nar/gkl125,16845091
10.1093/nar/gks596,22730293
10.1016/j.str.2007.10.007,17997961
10.1186/1758-2946-5-39,23953065
10.1093/nar/gku426,24848013
10.1186/s13321-015-0099-x,26500704
10.1186/gb-2010-11-12-r121,21182759
10.1186/gb-2010-11-8-r86,20738864
10.1186/1471-2105-12-494,22208806
10.1093/nar/gkt342,23632163
10.1021/ci200444d,22296449
10.1038/nprot.2014.189,25375991
10.1093/bioinformatics/btn341,18641403
10.1038/s41598-017-14591-7,29085014
10.1016/B978-0-12-385118-5.00029-3,21943917
10.1158/1538-7445.COMPSYSBIO-B1-05,25931027
10.1158/1538-7445.TRANSCAGEN-A2-45,25931027
10.1093/nar/gkt530,23748955
10.1016/j.jmb.2007.05.022,17681537
10.1002/pmic.200900189,19834897
10.1093/bioinformatics/btt369,23803466
10.1038/nmeth.4627,29505029
10.12688/f1000research.13541.1,29636899
10.1186/s12918-015-0212-9,26452770
10.1093/bioinformatics/btp304,19429600
10.1186/s12859-017-1841-3,28964270
10.1186/s12859-017-1787-5,28929969
10.1186/s13321-018-0290-y,30105604
10.1186/s13321-017-0199-x,28270862
10.1186/s13321-018-0297-4,30128806
10.1186/s12859-017-1779-5,28814324
10.12688/f1000research.15613.1,30363398
10.1186/s12859-017-1837-z,28931371
10.1186/s13059-018-1465-6,30016975
10.12688/f1000research.11830.2,28928946
10.1186/s13321-018-0295-6,30128804
10.1186/s13321-017-0247-6,29185060
10.1186/s12859-017-1786-6,28929968
10.1371/journal.pone.0026781,22073191
10.1186/s13321-017-0251-x,29234984
10.1186/s13321-017-0215-1,29086046
10.12688/f1000research.10041.1,28529706
10.12688/f1000research.13934.2,30430005
10.1186/s12859-017-1809-3,28877663
10.1186/s12859-017-1778-6,28821228
10.1186/s13059-016-1012-2,27380939
10.12688/f1000research.13460.2,30228859
10.1186/s12859-017-1792-8,28851273
10.1186/s12859-017-1790-x,28929970
10.1016/j.cels.2018.06.004,30077635
10.1186/s13059-018-1387-3,29409527
10.1186/s12918-017-0511-4,29322938
10.12688/f1000research.14561.1,30135718
10.1186/s12859-017-1769-7,28750606
10.12688/f1000research.11840.4,29263780
10.1186/s13059-016-0925-0,27139377
10.1186/s13321-018-0283-x,29943074
10.1186/s13321-018-0274-y,29633047
10.1186/s13321-018-0266-y,29524011
10.1186/s13321-017-0246-7,29168051
10.1186/s13321-017-0244-9,29143270
10.1016/j.bpj.2017.03.011,28445744
10.1371/journal.pone.0169748,28207752
10.1093/bioinformatics/bty136,29534153
10.1186/s12859-017-1997-x,29281985
10.1038/s41467-018-03297-7,29507333
10.1038/s41598-018-28361-6,29968796
10.1186/s12859-018-2241-z,29940842
10.1186/s12859-018-2262-7,29976145
10.1186/1745-7580-2-2,16635264
10.1093/nar/gky336,29718322
10.1093/nar/gky328,29718313
10.1093/nar/gky319,29718464
10.1093/nar/gkx399,28582569
10.1186/s12859-017-1995-z,29295714
10.1186/s12859-017-1960-x,29297315
10.1093/gigascience/gix032,28459977
10.1186/s12859-018-2234-y,29898651
10.1093/nar/gkx322,28460062
10.1186/s12859-017-1987-z,29273005
10.1186/s12859-017-1990-4,29246109
10.1038/s41598-017-07199-4,28761071
10.1038/s41598-017-10952-4,28874813
10.1038/s41598-017-13083-y,28970546
10.1038/sdata.2017.151,28994825
10.1186/s12859-017-1862-y,28985712
10.1186/s12859-018-2206-2,29859055
10.1038/s41598-017-05960-3,28724888
10.1038/tp.2017.171,28763057
10.1093/nar/gky299,29718427
10.1093/nar/gky300,29718330
10.1093/nar/gky277,29897582
10.1186/s12859-017-1975-3,29297318
10.1093/nar/gkx348,28472498
10.1186/s12859-017-1968-2,29297304
10.1038/s41598-017-11746-4,28912487
10.1038/s41598-018-20211-9,29379090
10.1038/s41598-018-27495-x,29904147
10.1186/s12859-017-1956-6,29297283
10.1093/bioinformatics/btx447,29028264
10.1093/bioinformatics/bty220,29659705
10.1093/bioinformatics/btx155,28407035
10.1093/nar/gky419,29905875
10.1093/bioinformatics/btx526,28968748
10.1093/bioinformatics/btx315,28505247
10.1038/nbt.3804,28263296
10.1093/nar/gky330,29733404
10.1093/bioinformatics/btx698,29091991
10.1093/bioinformatics/btx692,29126246
10.1371/journal.pone.0177234,28531174
10.1371/journal.pone.0185207,28953918
10.1093/bioinformatics/bty039,29420699
10.1371/journal.pone.0176469,28467460
10.1093/bioinformatics/bty162,29547921
10.1093/nar/gky424,29788317
10.1093/bioinformatics/btx440,29036289
10.1093/bioinformatics/btw814,28453672
10.1371/journal.pone.0183318,28813517
10.1371/journal.pone.0188406,29141013
10.1371/journal.pcbi.1006064,29746461
10.1093/bioinformatics/btx161,28444126
10.1093/bioinformatics/btw839,28453678
10.1186/1471-2164-15-S1-S5,24564547
10.1186/1471-2164-16-S6-S3,26046471
10.1093/bioinformatics/btr463,21824970
10.1093/nar/gky310,29762782
10.1093/nar/gky380,29750256
10.1093/nar/gky321,29722870
10.1093/bioinformatics/bty155,29547915
10.1093/nar/gky429,29788177
10.1093/nar/gky400,29788377
10.1371/journal.pcbi.1005659,28746339
10.1093/bioinformatics/btx800,29236977
10.1093/bioinformatics/btx774,29228271
10.1093/bioinformatics/btx579,28968797
10.1093/bioinformatics/bty331,29688253
10.1093/bioinformatics/btx319,28505270
10.1371/journal.pntd.0005673,28622346
10.1371/journal.pone.0181658,28759604
10.1093/bioinformatics/btx066,28177064
10.1093/bioinformatics/btx090,28203713
10.1371/journal.pcbi.1005995,29518076
10.1093/bioinformatics/bty150,30052913
10.1093/bioinformatics/btw778,28073758
10.1093/nar/gky351,29905876
10.1371/journal.pone.0191821,29381762
10.1371/journal.pone.0182438,28926565
10.1093/bioinformatics/btx656,29069296
10.1093/bioinformatics/btx738,29186384
10.1093/nar/gky356,29762700
10.1093/bioinformatics/bty302,29668844
10.1371/journal.pone.0188511,29186161
10.1093/bioinformatics/bty412,29790904
10.1093/nar/gky378,29746660
10.1093/nar/gky439,29846643
10.1093/nar/gky430,29788129
10.1093/bioinformatics/bty070,29432522
10.1093/bioinformatics/bty073,29438560
10.1093/nar/gky375,29788456
10.1093/nar/gky383,29788290
10.1093/bioinformatics/btx302,28903538
10.1093/bioinformatics/btx460,29036440
10.1093/bioinformatics/btx479,28961687
10.1093/bioinformatics/btx495,29036596
10.1093/nar/gky467,29905870
10.1093/bioinformatics/btx055,28158612
10.1093/bioinformatics/btw826,28453673
10.1093/bioinformatics/btw834,28453675
10.1093/bioinformatics/btx358,28582506
10.1093/bioinformatics/btx443,29036526
10.1093/bioinformatics/bty312,29684124
10.1371/journal.pone.0191570,29385199
10.1093/bioinformatics/bty393,29762638
10.1038/srep40200,28071710
10.1093/bioinformatics/btx783,29236971
10.1093/bioinformatics/btx806,29253077
10.1093/bioinformatics/bty032,29360926
10.1093/bioinformatics/btx634,29444234
10.1093/bioinformatics/btx713,29106469
10.1093/bioinformatics/btx583,28968739
10.1093/bioinformatics/btx577,28968645
10.1371/journal.pone.0195969,29689087
10.1093/bioinformatics/bty140,29528364
10.1093/nar/gky432,29790966
10.1038/549031c,28880292
10.1093/bioinformatics/bty182,29590301
10.1093/bioinformatics/btx025,28108445
10.1371/journal.pone.0176763,28453553
10.1093/bioinformatics/btv113,25701573
10.1093/bioinformatics/bty105,29949952
10.1093/bioinformatics/bty127,29514181
10.1093/nar/gky485,29893885
10.1093/nar/gky453,29800452
10.1093/nar/gky420,29790960
10.1093/nar/gky407,29771388
10.1093/bioinformatics/btx831,29309510
10.1093/bioinformatics/bty065,29425325
10.1093/bioinformatics/btx551,28968723
10.1093/bioinformatics/btx585,28968673
10.1093/bioinformatics/btx704,29095974
10.1093/bioinformatics/btx760,29186333
10.1093/bioinformatics/btx793,29228171
10.1093/nar/gky374,29757429
10.2144/000113999,23599922
10.1155/2011/839862,20936179
10.1038/nprot.2008.73,18546601
10.1093/bioinformatics/btm061,17384427
10.1186/1471-2105-15-297,25189131
10.1186/1471-2105-10-222,19615046
10.1186/1471-2105-9-80,18241343
10.1371/journal.pone.0023505,21858146
10.1093/bioinformatics/btt495,23975767
10.1093/nar/gkv538,25999345
10.1038/nmeth.1436,20195258
10.1093/nar/gkm364,17526514
10.1101/gr.849004,15173120
10.1160/ME0423,17938776
10.1093/bioinformatics/btw118,27153701
10.1002/prot.22658,20034110
10.1186/1471-2105-15-S1-S3,24564278
10.1093/bioinformatics/btl222,16873501
10.1534/g3.114.013052,25187039
10.1110/ps.051745906,16452613
10.1371/journal.pone.0009695,20300572
10.1093/bioinformatics/btq030,20106816
10.1093/bioinformatics/btp024,19153134
10.1101/gr.094607.109,19570905
10.1093/bioinformatics/btt062,23396123
10.1093/bioinformatics/bts070,22308148
10.1186/1471-2164-13-S7-S6,23281601
10.1093/nar/gkr357,21622957
10.1016/j.jmb.2009.02.023,19233205
10.1016/j.ejmech.2012.10.022,23127988
10.1186/1471-2105-8-138,17456238
10.1093/nar/gkq528,20542913
10.1101/gr.081612.108,18757608
10.1038/nbt.1630,20436461
10.1093/nar/gkp464,19487240
10.1093/nar/gkt448,23748563
10.1002/0471250953.bi0211s47,25199791
10.1186/gb-2009-10-12-r139,19961599
10.1093/bioinformatics/btr709,22247279
10.1093/protein/12.1.15,10065706
10.1038/75556,10802651
10.1093/nar/gku1179,25428369
10.1093/bioinformatics/btn615,19033274
10.1186/1471-2105-10-48,19192299
10.1093/bioinformatics/btp539,19744995
10.1186/s12859-016-1134-2,27334112
10.1186/1471-2105-8-401,17945017
10.1093/nar/gkq967,20972220
10.1093/nar/gkr907,22110029
10.1021/ja1063923,20822180
10.1093/bioinformatics/btm009,17237039
10.1093/bioinformatics/bts611,23071270
10.1002/0471250953.bia01es00,18428689
10.1021/ct300102d,26592996
10.1016/j.str.2008.10.017,19081051
10.1186/1471-2105-9-128,18307793
10.1093/bioinformatics/btn250,18511468
10.1093/nar/gkv1351,26656494
10.1101/gr.2821705,15687296
10.1021/acs.jcim.6b00174,27391578
10.1038/srep42717,28256516
10.1093/nar/gkw1064,27899579
10.1093/molbev/msw080,27189561
10.1093/molbev/msu088,24600054
10.1093/nar/gkv345,25883147
10.1093/nar/gku456,24860165
10.1093/bioinformatics/btr576,21998155
10.4103/0974-777X.170496,26751031
10.1093/nar/gkr408,21646336
10.1186/gb-2007-8-8-r171,17708774
10.1016/0263-7855(90)80070-V,2268628
10.1101/gr.9.9.815,10508839
10.1093/nar/gkv402,25925569
10.1038/nmeth.f.303,20383131
10.1016/j.ajhg.2013.04.024,23731542
10.1038/ncomms11257,27071849
10.1093/nar/gkr246,21609954
10.1186/1471-2105-10-330,19822003
10.1093/nar/gkr282,21543452
10.1093/nar/gkx462,28531339
10.1093/nar/gkv1251,26586805
10.1371/journal.pone.0049040,23189138
10.1093/nar/gkt550,23783574
10.1016/j.fsigen.2013.10.012,24528572
10.1186/gb-2009-10-3-r27,19265557
10.1093/bioinformatics/bti166,15564294
10.3389/fpls.2015.01194,26779228
10.1038/nprot.2012.016,22383036
10.1093/bioinformatics/btp149,19289446
10.1002/humu.20166,15832311
10.1186/s12864-016-3063-x,27801291
10.1186/s12911-017-0424-6,28330491
10.1101/gr.871403,12529313
10.1073/pnas.0337561100,12552088
10.1186/1471-2105-10-S6-S4,19534753
10.1093/bioinformatics/bti431,15817692
10.1101/gr.143693.112,23222846
10.1093/nar/gkt984,24185702
10.1093/bioinformatics/btn221,18474507
10.1093/nar/gki424,15980539
10.1093/bioinformatics/btp020,19179357
10.1039/c3mb25551d,23591551
10.1002/humu.22600,24915749
10.1186/s12920-015-0125-x,26282678
10.1186/1756-0381-3-1,20175922
10.1146/annurev.genet.34.1.499,11092837
10.1093/nar/gkl330,16844969
10.1093/bioinformatics/bts293,22592380
10.1093/bioinformatics/btv171,25810435
10.1186/1471-2164-16-S8-S1,26110438
10.1007/s12263-010-0167-9,21052526
10.1093/bioinformatics/btv709,26644416
10.1021/pr050354v,16602684
10.1016/j.jsb.2016.04.010,27108186
10.1093/nar/gkv485,25969446
10.1186/1471-2105-8-148,17484781
10.1186/s12864-015-1847-z,26306699
10.1093/bioinformatics/btr108,21367869
10.1093/bioinformatics/btm177,17646326
10.1093/nar/gku396,24848019
10.1093/bioinformatics/bts390,22962467
10.1093/nar/gku366,24799431
10.1155/2013/398968,23971032
10.1093/nar/gkg508,12824312
10.1093/nar/gkh377,15215403
10.1007/s11306-017-1178-y,28261014
10.1186/s12859-015-0873-9,26738481
10.1093/nar/gkg847,14602924
10.1093/bioinformatics/btl610,17138584
10.1186/1471-2105-9-392,18811934
10.1016/0022-2836(91)90883-8,2002501
10.1186/1471-2105-11-579,21110866
10.1038/ng917,12053178
10.1093/nar/gku1061,25378340
10.1016/j.ymeth.2015.08.021,26318087
10.1093/bioinformatics/btr682,22190692
10.1371/journal.pone.0050240,23209685
10.1002/minf.201300061,27480060
10.1021/ci400459w,24117467
10.1093/bioinformatics/bti534,15947016
10.1093/nar/gku986,25324309
10.1111/j.1469-8137.2012.04184.x,22651224
10.1093/nar/gkt977,24194600
10.1186/1471-2164-11-293,20459805
10.1093/bioinformatics/16.6.566,10980157
10.1093/nar/29.1.221,11125097
10.1107/S0907444913022294,24311580
10.1093/nar/gku1161,25414341
10.1002/prot.10146,12112692
10.1093/nar/28.1.225,10592232
10.1186/1471-2105-14-103,23514033
10.1093/nar/gks483,22669907
10.1186/1471-2164-15-S4-S7,25057121
10.1186/s12859-017-1654-4,28454514
10.1104/pp.109.136028,19357200
10.1093/bioinformatics/btq233,20430753
10.1093/bioinformatics/btr415,21757462
10.1186/1471-2105-7-318,16792820
10.1186/s12859-015-0692-z,26264559
10.1002/pro.5560040817,8520485
10.1093/bioinformatics/bts148,22474121
10.1111/j.1365-313X.2011.04803.x,21955023
10.1186/s12859-015-0486-3,25879798
10.1093/bioinformatics/bti506,15905273
10.1093/bioinformatics/bts550,22962341
10.1093/bioinformatics/btp232,19478001
10.1093/nar/gkn153,18397951
10.1093/nar/gkj118,16381935
10.1186/gb-2005-6-12-r104,16356267
10.1093/bioinformatics/btq114,20385730
10.1107/S0907444907037195,18094475
10.1186/1746-1596-6-s1-s13,21489183
10.1107/S0907444994003112,15299374
10.1186/1471-2105-14-S7-S11,23815231
10.1093/nar/gkt516,23754850
10.1093/bioinformatics/btq547,20940168
10.1093/bioinformatics/btr198,21498402
10.1093/bioinformatics/btv463,26249811
10.1093/bioinformatics/btq099,20200009
10.1107/S0907444904026460,15572779
10.1093/nar/gki414,15980588
10.1371/journal.pcbi.1000440,19609355
10.1093/bioinformatics/bts343,22711791
10.1186/1471-2105-10-201,19563634
10.1093/nar/gkr389,21622655
10.1093/nar/gkl124,16845026
10.1186/s13326-016-0074-0,27195102
10.1093/nar/gkr287,21622954
10.1093/bioinformatics/bts246,22556364
10.1107/S0907444913000565,23519672
10.1186/1471-2105-11-133,20233390
10.1093/bioinformatics/btp545,19762348
10.1186/1471-2105-9-312,18637174
10.1186/1471-2105-6-298,16343337
10.1093/bioinformatics/btq545,20871108
10.1093/nar/gkr411,21646342
10.1093/bioinformatics/btq537,20861031
10.1038/srep31971,27534507
10.1111/j.1749-6632.2008.03756.x,19348638
10.1109/TCBB.2011.116,21860065
10.1093/nar/gki399,15980547
10.1093/nar/gkg622,12824351
10.1371/journal.pone.0077302,24204795
10.1093/nar/gkr361,21596783
10.1186/1471-2105-7-172,16566824
10.1021/acs.jcim.6b00498,28181802
10.1186/1472-6807-9-51,19646261
10.1093/nar/gkt497,23761454
10.1371/journal.pone.0015079,21152409
10.1093/nar/gkg629,12824347
10.1371/journal.pone.0083784,24391826
10.1371/journal.pcbi.1000933,20862303
10.1371/journal.pcbi.1002829,23300419
10.1093/nar/gks577,22695797
10.1093/bioinformatics/btn325,18593718
10.1186/s13742-015-0063-8,25960870
10.1371/journal.pone.0110726,25330359
10.1007/s10858-009-9386-z,19915800
10.1186/1471-2105-3-25,12225620
10.1016/S0022-2836(03)00182-7,12634065
10.1093/nar/gkh028,14681376
10.1093/nar/gki499,15980442
10.1002/prot.24536,24523134
10.1186/1471-2105-9-S2-S2,18387204
10.1093/bioinformatics/btu813,25527831
10.1016/j.biocel.2017.07.002,28710041
10.1021/acs.analchem.0c01690,32589019
10.1016/j.ymben.2017.12.002,29233745
10.1093/nar/gkm981,18003657
10.1002/pmic.200300830,15274128
10.1093/nar/gku949,25300481
10.1016/j.sbi.2006.04.003,16650981
10.1002/pmic.200300764,15174124
10.1093/nar/gkr1079,22121212
10.1093/nar/gkl842,17130148
10.1093/bioinformatics/bth191,15044231
10.1093/nar/gkp902,19880380
10.1093/nar/gkj040,16381952
10.1093/nar/gku1028,25352545
10.1093/nar/gkq1172,21097890
10.1093/nar/gkv983,26424852
10.1093/nar/gkt1058,24214959
10.1016/j.jbiotec.2017.05.004,28487186
10.1093/nar/gkn707,18927110
10.1016/j.ajhg.2017.04.010,28502612
10.1093/nar/gkt1056,24194592
10.1107/S1399004715015679,26527137
10.1039/c7cp00187h,28636001
10.1093/nar/gkm1019,18032434
10.1186/s13059-020-1935-5,32033565
10.1126/science.1260419,25613900
10.1093/nar/gkv1209,26578574
10.1093/nar/gkt1155,24265223
10.1093/nar/gkv1195,26582919
10.1093/nar/gkj023,16381892
10.1007/978-1-62703-302-2_4,23494302
10.1093/nar/gkh097,14681371
10.1093/nar/gkg040,12520019
10.1093/nar/gkp981,19917642
10.1002/pmic.200300721,15221759
10.1093/nar/gkh119,14681451
10.1093/nar/gkh035,14681467
10.1093/nar/gkq1105,21071423
10.1093/nar/gkp1020,19933760
10.1111/J.1364-3703.2005.00317.X,20507428
10.1093/nar/gkn878,19073704
10.1038/nature22366,28514442
10.1093/database/baq030,21149299
10.1093/nar/gki088,15608286
10.1089/omi.2006.10.114,16901215
10.1101/2020.07.30.228890,32766578
10.1093/bib/bbaa115,32572450
10.1093/ABT/TBAA020,33215063
10.1101/2020.05.12.091983,32577656
10.2196/22299,32931441
10.1093/bioinformatics/btaa739,32805021
10.1038/s41598-020-72979-4,32999342
10.1093/database/baaa083,33181822
10.1093/nar/gks1153,23203886
10.1101/2020.10.27.20220665,33140059
10.1093/bioinformatics/btaa1091,33416858
10.1016/j.ccell.2015.02.007,25759023
10.1038/nmeth.2642,24037244
10.1038/s41568-020-0290-x,32778778
10.1099/mgen.0.000410,32726198
10.1038/nature17164,27088604
10.1038/s41467-020-14396-9,32029736
10.1038/s41597-020-0567-7,32661237
10.1002/jms.1777,20623627
10.1107/S0907444911054515,22505269
10.1107/S0021889809008784,22477769
10.1107/S0907444908037591,19171973
10.1107/S2052252518010552,30224962
10.1002/pro.3353,29168245
10.1093/bioinformatics/btr590,22034521
10.1016/j.jmb.2016.02.002,26869101
10.1107/S2059798316013036,27710932
10.1107/S2059798319003875,30988258
10.1093/bioinformatics/17.12.1228,11751233
10.1093/nar/gkz1000,31691799
10.1093/nar/gkv1143,26527733
10.1093/nar/gkm792,17913739
10.1186/1472-6807-9-15,19296847
10.1016/j.synbio.2015.11.001,29082924
10.1038/s41467-018-05051-5,29980662
10.1093/database/bat035,23707967
10.1038/nature11241,22801500
10.1093/nar/gkx868,29036719
10.1186/1471-2105-14-205,23800225
10.1093/nar/gkt1273,24335080
10.1007/s12539-018-0282-7,29383564
10.1007/s12539-019-00317-y,30707359
10.1186/1471-2164-12-119,21332983
10.12688/f1000research.11301.1,28529710
10.1038/nmeth.4153,28135259
10.1186/s12859-018-2073-x,29745830
10.15252/msb.20167490,28596423
10.1038/nbt.3769,28092658
10.1093/nar/gku1123,25428357
10.1007/s00705-016-2977-6,27424026
10.1093/nar/gkt1115,24234451
10.1093/nar/gku1108,25392413
10.1186/s12864-017-4120-9,28915793
10.1038/ng.736,21186351
10.1371/journal.pone.0010709,20505756
10.1007/s12015-006-0001-3,17142879
10.1101/gr.220962.117,28855263
10.1093/nar/gkx1065,29092055
10.1016/j.jsb.2016.02.007,26873783
10.1093/bioinformatics/btx483,28961691
10.1093/bioinformatics/btz118,30768147
10.1126/science.1139862,17588928
10.1261/rna.2387911,21389147
10.1093/nar/gku1003,25352553
10.3389/fpls.2012.00125,22685450
10.1016/j.jprot.2008.02.005,18617148
10.1093/nar/gks1151,23180787
10.1093/bioinformatics/btu550,25150248
10.1093/pcp/pcv170,26556651
10.1093/nar/gkj105,16381873
10.1016/j.ijfoodmicro.2015.12.001,26704067
10.1261/rna.043687.113,25234927
10.1186/1471-2164-10-5,19126223
10.1093/nar/gkv1301,26612862
10.1093/bioinformatics/btu739,25398609
10.1093/nar/gks1145,23180783
10.1093/nar/gku1118,25392418
10.1093/nar/gkx965,29069414
10.1093/nar/gks1004,23109552
10.1093/nar/gkw1119,27899580
10.1093/bib/bbs036,22786784
10.1186/1471-2105-8-172,17521438
10.1093/nar/gkv1045,26481351
10.1186/1471-2164-15-371,24885229
10.1093/nar/28.1.304,10592255
10.1093/nar/gkw1107,27899635
10.1007/978-1-4939-3167-5_4,26519401
10.1371/journal.pone.0043117,23028445
10.1093/nar/gkm788,17932060
10.1093/nar/gkm996,17999995
10.1093/bioinformatics/btp243,19357098
10.1186/s13321-017-0191-5,28123452
10.1186/s13321-018-0289-4,30066211
10.1186/s12859-017-1840-4,28969593
10.1186/s13321-018-0272-0,29616364
10.1186/s13321-017-0203-5,28316655
10.1186/s13321-017-0194-2,28194231
10.1186/s12859-017-1839-x,28964254
10.1186/1752-0509-7-116,24180668
10.1186/s13059-016-1006-0,27356760
10.1186/s13321-016-0188-5,28184254
10.1186/s12859-017-1900-9,29297289
10.1186/s12859-018-2212-4,29792161
10.1186/s12859-018-2211-5,29954318
10.1093/bioinformatics/btx615,29028888
10.1038/s41594-017-0019-z,29335563
10.1038/nmeth.4510,29155427
10.1093/bioinformatics/btx225,28430858
10.1016/j.jbi.2016.08.012,27515925
10.1371/journal.pone.0050653,23209799
10.1093/nar/gki107,15608241
10.1155/2008/420747,19956698
10.1093/nar/gkt1244,24288368
10.1093/nar/gks901,23034802
10.1186/1471-2105-9-273,18544157
10.1016/j.cell.2007.04.040,17604727
10.1093/nar/gkv1163,26527719
10.1186/s12866-016-0804-6,27527702
10.1016/j.str.2010.07.013,21070939
10.3389/fphar.2015.00199,26441656
10.1128/genomeA.00092-16,26988038
10.1093/nar/gku1060,25378313
10.1093/bib/bbr024,21565935
10.1186/1471-2105-5-86,15230973
10.1093/bioinformatics/btr137,21398669
10.1016/j.nbt.2012.05.019,22687389
10.1038/ng.919,21873998
10.1136/gutjnl-2011-301104,22115825
10.1093/pcp/pcr141,22009731
10.1074/mcp.M500401-MCP200,16501280
10.1002/jgm.786,15945121
10.1093/bioinformatics/bts486,22851531
10.1146/annurev-genet-120213-092023,26473382
10.1186/1471-2105-9-405,18823568
10.1186/1471-2105-10-273,19723314
10.1093/nar/gkl1029,17148481
10.1093/nar/gkv1238,26602692
10.1093/nar/27.1.295,9847207
10.2165/00822942-200594030-00002,16231959
10.1371/journal.pone.0080961,24324652
10.1093/nar/gks1063,23155064
10.1016/j.mito.2010.01.004,20080208
10.1016/j.mito.2010.10.005,21059409
10.1093/nar/gkq936,20965970
10.1021/bi9019934,20184389
10.1093/bioinformatics/btt289,23698860
10.1089/bio.2016.0088,27936342
10.1093/nar/gkn727,18931373
10.1093/nar/gks997,23118479
10.1016/j.jsb.2011.04.011,21536137
10.1093/nar/gkr806,22080506
10.1093/nar/gkn814,18957442
10.1093/nar/gkl999,17145705
10.1016/j.gene.2007.05.018,17614217
10.1093/nar/gks1195,23193287
10.1093/glycob/cwj049,16239495
10.1093/nar/gkt1144,24271400
10.1093/nar/gkm964,18073188
10.1093/bioinformatics/btp586,19846435
10.1093/nar/gkl970,17142229
10.1093/nar/29.1.294,11125117
10.1093/nar/gkm825,17942430
10.1093/nar/gks1091,23175607
10.1093/nar/gkr1027,22121228
10.1186/1752-0509-1-35,17678529
10.1093/nar/gkn730,18927105
10.1093/nar/gki053,15608217
10.1093/nar/gkn597,18805906
10.1093/nar/gkr1032,22116062
10.1093/nar/gkt1255,24304901
10.1093/nar/gki115,15608279
10.1093/nar/gks1235,23197660
10.1093/nar/gkn734,18940865
10.1093/database/bap020,21847242
10.1093/nar/gkn741,18940862
10.1093/nar/gkm751,17921502
10.1093/nar/gku724,25106869
10.1371/journal.pcbi.1003432,24453957
10.1093/nar/gkj116,16381947
10.1111/mec.12481,24112409
10.1093/nar/gku1055,25355515
10.1093/nar/gkl947,17145713
10.1093/protein/7.7.841,7971946
10.1111/j.1365-2583.2009.00930.x,20482635
10.1110/ps.035428.108,18614751
10.1038/ejhg.2014.235,25407005
10.1093/nar/30.1.142,11752276
10.1093/nar/gkn653,18832364
10.1093/nar/gkg014,12519986
10.1093/nar/gkn683,18842634
